,T1,T2,T3,T4,T5,T6,T7,T8,T9,T10,T11,T12,T13,T14,T15,T_amb,s1,s2,s3,s4,s5,s6,s7,s8,s9,u1,u2,u3,u4,u5,u6,u7,u8,u9,u10,u11,u12,u13,u14,u15,T1_2,T2_2,T3_2,T4_2,T5_2,T6_2,T7_2,T8_2,T9_2,T10_2,T11_2,T12_2,T13_2,T14_2,T15_2,T_amb_2,s1_2,s2_2,s3_2,s4_2,s5_2,s6_2,s7_2,s8_2,s9_2,u1_2,u2_2,u3_2,u4_2,u5_2,u6_2,u7_2,u8_2,u9_2,u10_2,u11_2,u12_2,u13_2,u14_2,u15_2,T1_4,T2_4,T3_4,T4_4,T5_4,T6_4,T7_4,T8_4,T9_4,T10_4,T11_4,T12_4,T13_4,T14_4,T15_4,T_amb_4,s1_4,s2_4,s3_4,s4_4,s5_4,s6_4,s7_4,s8_4,s9_4,u1_4,u2_4,u3_4,u4_4,u5_4,u6_4,u7_4,u8_4,u9_4,u10_4,u11_4,u12_4,u13_4,u14_4,u15_4,T1_8,T2_8,T3_8,T4_8,T5_8,T6_8,T7_8,T8_8,T9_8,T10_8,T11_8,T12_8,T13_8,T14_8,T15_8,T_amb_8,s1_8,s2_8,s3_8,s4_8,s5_8,s6_8,s7_8,s8_8,s9_8,u1_8,u2_8,u3_8,u4_8,u5_8,u6_8,u7_8,u8_8,u9_8,u10_8,u11_8,u12_8,u13_8,u14_8,u15_8,T1_32,T2_32,T3_32,T4_32,T5_32,T6_32,T7_32,T8_32,T9_32,T10_32,T11_32,T12_32,T13_32,T14_32,T15_32,T_amb_32,s1_32,s2_32,s3_32,s4_32,s5_32,s6_32,s7_32,s8_32,s9_32,u1_32,u2_32,u3_32,u4_32,u5_32,u6_32,u7_32,u8_32,u9_32,u10_32,u11_32,u12_32,u13_32,u14_32,u15_32
0,0.9167531614490724,0.0012920517891819186,0.027555994832950972,0.0,0.0,0.0005489349912585622,0.00551065909198107,0.0,0.0,0.0,0.0022078967072735062,0.0,0.0,0.0,0.0,0.0008815671980611416,0.0,0.0005352756463100599,0.00016444369236682187,0.00013198834960494863,9.60638924497261e-05,0.0,0.0,0.0,0.0,0.34819905357601316,0.0,0.0,0.0,0.0,0.0,0.0,0.0,0.0,0.0,0.0,0.0,0.0,0.0,0.0,0.0,0.0,0.0,0.0,0.0,0.0,0.0,0.0,0.0,0.0,0.0,0.0,0.0,0.0,0.0,0.0,0.0,0.0004809921622810708,0.0001759056884131307,0.00017084941403353894,0.00014578322955858153,0.0,0.0,0.0,0.0,0.0,0.0,0.0,0.0,0.0,0.0,0.0,0.0,0.0,0.0,0.0,0.0,0.0,0.0,0.0,0.0,0.0,0.0,0.0,0.0,0.0,0.0,0.0,0.0,0.0,0.0,0.0,0.0,0.0,0.0,0.0,0.0,0.0001885849008996727,6.535165514776135e-05,5.293642306787756e-05,0.0,0.0,0.0,0.0,0.0,0.0,0.0,0.0,0.0,0.0,0.0,0.0,0.0,0.0,0.0,0.0,0.0,0.0,0.0,0.0,0.0,0.0,0.0,0.0,0.0,0.0,0.0,0.0,0.0,0.0,0.0,0.0,0.0,0.0,0.0,0.0,0.0,0.0,2.5113469687282284e-05,3.0258723907978274e-05,0.0,6.149307551948319e-06,0.0,0.0,0.0,0.0,0.0,0.0,0.0,0.0,0.0,0.0,0.0,0.0,0.0,0.0,0.0,0.0,0.0,0.0,0.0002536624183819533,0.0,0.0,0.0,0.0,0.0,0.0,0.0,0.0,0.0,0.0,0.0,0.0,0.0,0.0,0.009392562905814814,0.0,0.0,4.278192215738675e-05,1.860258295739211e-05,3.044457806855285e-06,0.0,0.0,0.0,0.0,0.03122258569631742,0.0,0.0,0.0,0.0,0.0,0.0,0.0,0.0,0.0,0.0,0.0,0.0,0.0,0.0
1,0.0019350937432234662,0.9421264329132962,0.0060626658495363936,0.0,0.0,0.004188540565026155,0.0035786585072340423,0.0,0.0,0.0,0.0,0.0,0.0,0.0,0.0,0.0014824363411617392,0.0,0.001215126755046556,0.0002773043972837427,0.00019687086596111152,0.00014164029765771784,0.0,0.0,0.0,0.0,0.0,0.30232017713971965,0.0,0.0,0.0,0.0,0.0,0.0,0.0,0.0,0.0,0.0,0.0,0.0,0.0,0.0,0.0,0.0,0.0,0.0,0.0,0.0,0.0,0.0,0.0,0.0,0.0,0.0,0.0,0.0,0.0,0.0,0.0008595927764796485,8.185536742302643e-05,0.0001320062331188387,0.00012066259188978915,0.0,0.0,0.0,0.0,0.0,0.0,0.0,0.0,0.0,0.0,0.0,0.0,0.0,0.0,0.0,0.0,0.0,0.0,0.0,0.0,0.0,0.0,0.0,0.0,0.0,0.0,0.0,0.0,0.0,0.0,0.0,0.0,0.0,0.0,0.0,0.0,0.000478042650820194,3.3042181552411925e-05,4.17736831196622e-05,0.0,0.0,0.0,0.0,0.0,0.0,0.0,0.0,0.0,0.0,0.0,0.0,0.0,0.0,0.0,0.0,0.0,0.0,0.0,0.0,0.0,0.0,0.0,0.0,0.0,0.0,0.0,0.0,0.0,0.0,0.0,0.0,0.0,0.0,0.0,0.0,0.0,0.0,0.0,1.3005798792889078e-05,0.0,0.0,0.0,0.0,0.0,0.0,0.0,0.0,0.0,0.0,0.0,0.0,0.0,0.0,0.0,0.0,0.0,0.0,0.0,0.0,0.0,0.0002575076586524115,0.0,0.0,0.0,0.0,0.0,0.0,0.0,0.0,0.0,0.0,0.0,0.0,0.0,0.0036782641755602192,0.0,0.0,3.84737787986689e-05,1.7573185164230028e-05,0.0,0.0,0.0,0.0,0.0,0.0,0.001003078640415855,0.0,0.0,0.0,0.0,0.0,0.0,0.0,0.0,0.0,0.0,0.0,0.0,0.0
2,0.030187314611295386,0.03780686163677794,0.8658864380620804,0.0207038688601582,0.0,0.0,0.0006046330354711549,0.0,0.0,0.0,0.0037779783561532328,0.0,0.0,0.0,0.0,0.004459193799350625,4.485590034445032e-05,0.0014143324363758104,0.0004660217198569983,0.00036641254061593336,0.0002596453210011903,0.0,0.0,0.0,0.0,0.0,0.0,0.25404325066674927,0.0,0.0,0.0,0.0,0.0,0.0,0.0,0.0,0.0,0.0,0.0,0.0,0.0,0.0,0.0,0.0,0.0,0.0,0.0,0.0,0.0,0.0,0.0,0.0,0.0,0.0,0.0,0.0,0.0,0.0012243592516780176,0.00043355619137109755,0.00041705199904373515,0.0003427175852720763,0.0,0.0,0.0,0.0,0.0,0.0,0.0,0.0,0.0,0.0,0.0,0.0,0.0,0.0,0.0,0.0,0.0,0.0,0.0,0.0,0.0,0.0,0.0,0.0,0.0,0.0,0.0,0.0,0.0,0.0,0.0,0.0,0.0,0.0,0.0,0.0,0.0003423433672527156,9.259486482162241e-05,8.058157182539673e-05,0.0,5.9156243017126314e-05,0.0,0.0,0.0,0.0,0.0,0.0,0.0,0.0,0.0,0.0,0.0,0.0,0.0,0.0,0.0,0.0,0.0,0.0,0.0,0.0,0.0,0.0,0.0,0.0,0.0,0.0,0.0,0.0,0.0,0.0,0.0,0.0,0.0,0.0,0.0,0.0,0.0,3.679098117992798e-05,0.0,8.479215884186217e-06,0.0,0.0,0.0,0.0,0.0,0.0,0.0,0.0,0.0,0.0,0.0,0.0,0.0,0.0,0.0,0.0,0.0,0.0,0.0,0.0,0.0,0.0,0.0,0.0,0.0,0.0,0.0,0.0,0.0,0.0,0.0,0.0,0.0,0.0,0.0,5.031504880123573e-05,0.00011258628942207194,6.216214139546232e-05,2.500294431567182e-05,2.8794110365507172e-06,0.0,0.0,0.0,0.0,0.0,0.0,0.0,0.0,0.0,0.0,0.0,0.0,0.0,0.0,0.0,0.0,0.0,0.0
3,0.006363479528084464,0.0,0.00662168649506229,0.9287488343516772,0.0,0.0,0.0,0.0,0.0,0.00601490549138597,0.0016955919191803304,0.0,0.0,0.0,0.009434300444365926,0.0,0.0,0.00048277386911195117,0.0001967849422617545,0.00021970351892219278,0.00037778654303652565,0.0,0.0,0.001392180106363874,0.0,0.0,0.0,0.0,0.2444505415979269,0.0,0.0,0.0,0.0,0.0,0.0,0.0,0.0,0.0,0.0,0.0,0.0,0.0,0.0,0.0,0.0,0.0,0.0,0.0,0.0,0.0,0.0,0.0,0.0,0.0,0.0,0.0,0.0003293378001883001,0.00037246654940007595,0.00015679137894448678,0.0003550353551151156,0.0004572420872164728,0.0,0.0,0.0,0.0,0.0,0.0,0.0,0.0,0.0,0.0,0.0,0.0,0.0,0.0,0.0,0.0,0.0,0.0,0.0,0.0,0.0,0.0,0.0,0.0,0.0,0.0,0.0,0.0,0.0,0.0,0.0,0.0,0.0,0.0,0.0,0.0,3.4895588058215354e-05,0.0,4.6196866437902696e-05,0.0,9.002715958867086e-05,0.0,0.0,0.0,0.0,0.0,0.0,0.0,0.0,0.0,0.0,0.0,0.0,0.0,0.0,0.0,0.0,0.0,0.0,0.0,0.0,0.0,0.0,0.0,0.0,0.0,0.0,0.0,0.0,0.0,0.0,0.0,0.0,0.0,0.0,0.0,0.0,0.0,9.047690263043008e-05,0.0,0.0,0.0,0.0,0.0,0.0,0.0,0.0,0.0,0.0,0.0,0.0,0.0,0.0,0.0,0.0,0.0,0.0,0.0,0.0,0.0,0.0,0.0,0.0,0.0,0.0,0.0,0.0,0.0,0.0,0.0,0.0,0.0,0.0,0.0,0.005689702337638913,0.0,0.0,0.0001171160938311123,7.319294427660005e-05,3.260119231680577e-05,3.7957313801538456e-06,0.0,0.0,0.0018445590540578183,0.0,0.0,0.0,0.009595670513000549,0.0,0.0,0.0,0.0,0.0,0.0,0.0,0.0,0.0,0.0,0.0
4,0.0,0.0,0.0,0.0,0.8019975848012774,0.004416304740043964,0.07147690749718287,0.0,0.06885754227332147,0.0,0.0034659378614897885,0.006390304910903258,0.0,0.0,0.0,0.0,0.0,0.00032406333201006075,4.786706841945877e-05,3.1437256071382087e-05,7.919187294759565e-05,0.0001292091536470749,0.0,0.0,0.0,0.0,0.0,0.0,0.0,0.07393729713649885,0.0,0.0,0.0,0.0,0.0,0.0,0.0,0.0,0.0,0.0,0.0,0.0,0.0,0.0,0.0,0.0,0.0,0.0,0.0,0.0,0.0,0.0,0.0,0.0,0.0,0.0,0.0,0.000338334273096882,1.5192209767074326e-05,6.224650064272068e-05,0.00010143763187393905,0.0,0.0,0.0,0.0,0.0,0.0,0.0,0.0,0.0,0.0,0.0,0.0,0.0,0.0,0.0,0.0,0.0,0.0,0.0,0.0,0.0,0.0,0.0,0.0,0.0,0.0,0.0,0.0,0.0,0.0,0.0,0.0,0.0,0.0,0.0,0.0,0.00021839028016596958,0.0,6.315684586667208e-05,0.00012765547718460944,0.0,0.0,0.00029818064468541144,0.0,0.0,0.0,0.0,0.0,0.007159518206317757,0.0,0.0,0.0,0.0,0.0,0.0,0.0,0.0,0.0,0.0,0.0,0.0,0.0,0.0,0.0,0.0,0.0,0.0,0.0,0.0,0.0,0.0,0.0,0.0,0.0,0.0,0.0,0.0,0.0,0.0,0.0,0.0,0.0,4.7516541382058206e-05,0.0,0.0,0.0,0.0,0.0,0.03362983561182903,0.0,0.0,0.0,0.0,0.0,0.0,0.0,0.0,0.0,0.0,0.0,0.0,0.0,0.0,0.0,0.0,0.0,0.0,0.0,0.0,0.0,0.0,0.0,0.0,0.0,0.01175338777525993,0.0,0.0,0.0,0.0,0.0,0.0,0.0,0.0,0.0,0.0,0.0,0.0,0.0,0.041077973543316104,0.0,0.0,0.0,0.0,0.0,0.0,0.0,0.0,0.0,0.0
5,0.0,0.0023596547101252187,0.0,0.0,0.0,0.9247206155692069,0.0,0.0,0.0,0.0,0.0,0.032140521712792545,0.0,0.012467275575491437,0.0,0.0,0.0,0.00033384109886856755,6.504722209957112e-05,5.424572273565335e-05,7.647154514059255e-05,0.00012540126827941442,0.0,0.0,0.0,0.0,0.0,0.0,0.0,0.0,0.17567811004604064,0.0,0.0,0.0,0.0,0.0,0.0,0.0,0.0,0.0,0.0,0.0,0.0,0.0,0.0,0.0,0.0,0.0,0.0,0.0,0.0,0.0,0.0,0.0,0.0,0.0,0.0,0.0004394475912060429,2.9534305242859135e-05,7.017513477399184e-05,0.00010052230812238282,0.0,0.0,0.0,0.0,0.0,0.0,0.0,0.0,0.0,0.0663782344398813,0.0,0.0,0.0,0.0,0.0,0.0,0.0,0.0,0.0,0.0,0.0,0.0,0.0,0.0,0.0,0.0,0.0,0.0,0.0,0.0,0.0,0.0,0.0,0.0,0.0,0.0,0.00030330204944301503,6.74246905022868e-05,0.00013028151859652932,0.00016122750330314166,0.0,0.0,0.0,0.0,0.0,0.0,0.0,0.0,0.0,0.0,0.0,0.0,0.0,0.0,0.0,0.0,0.0,0.0,0.0,0.0,0.0,0.0,0.0,0.0,0.0,0.0,0.0,0.0,0.0,0.0,0.0,0.0,0.0,0.0,0.0,0.0,0.0,0.0,3.6732417816037004e-05,0.0,0.0,0.0,0.0,0.0,0.0,0.0,0.0,0.0,0.0,0.0,0.0,0.0,0.0,0.0,0.0,0.0,0.0,0.0,0.0,0.0,0.0,0.0,0.0,0.0,0.0,0.0,0.0,0.0,0.0,0.0,0.0,0.0,0.0,0.0,0.01100955855681724,0.0,0.0,0.0,0.0,0.0,0.0,0.0,0.0,0.0,0.0,0.0,0.0,0.0,0.0,0.008855132555441127,0.0,0.0,0.0,0.0,0.0,0.0,0.0,0.0,0.0
6,0.0,0.0,0.0,0.0,0.021390335826120477,0.002071795928403843,0.9459239957452071,0.0,0.0,0.0,0.0027681550899427247,0.0,0.0,0.0,0.0,0.0,0.0,0.001208494568705708,0.00021881530822246412,0.00014041381704303315,0.00014093733316200967,0.00014420542943939806,0.0,0.0,0.0,0.0,0.0,0.0,0.0,0.0,0.0,0.2324139420048678,0.0,0.0,0.0,0.0,0.0,0.0,0.0,0.0,0.0,0.0,0.0,0.0,0.0,0.0,0.0,0.0,0.0,0.0,0.0,0.0,0.0,0.0,0.0,0.0,0.0,0.0009410201233245295,0.0,4.2711734650567795e-05,1.9191799727394963e-05,0.0,0.0,0.0,0.0,0.0,0.0,0.0,0.0,0.0,0.0,0.07981617215361875,0.0,0.0,0.0,0.0,0.0,0.0,0.0,0.0,0.0,0.0,0.0,0.0,0.0,0.0,0.0,0.0,0.0,0.0,0.0,0.0,0.0,0.0,0.0,0.0,0.0,0.0006888195189592022,0.0,4.201420104808192e-05,7.096970193022642e-05,0.0,0.0,0.0,0.0,0.0,0.0,0.0,0.0,0.0,0.0,0.0,0.0,0.0,0.0,0.0,0.0,0.0,0.0,0.0,0.0,0.0,0.0,0.0,0.0,0.0,0.0,0.0,0.0,0.0,0.0,0.0,0.0,0.0,0.0,0.0,0.0,0.0,0.0,7.626531600517859e-06,0.0,0.0,0.0,0.0,0.0,0.0,0.0,0.0,0.0,0.0,0.0,0.0,0.0,0.0,0.0,0.0,0.0,0.0,0.0,0.0,0.0,0.0,0.0,0.0,0.0,0.0,0.0009407515222935272,0.0,0.0,0.0,0.0,0.0,0.0,0.0,0.0,0.005593770456656802,0.0,0.0,0.0,0.0,0.0,0.0,0.0,0.0,0.0,0.0,0.0,0.0,0.0,0.0,0.0,0.01134312448141267,0.0,0.0,0.0,0.0,0.0,0.0,0.0,0.0
7,0.0,0.0,0.0,0.0,0.0,0.0,0.0,0.9438729989935981,0.0,0.0,0.002582360116139339,0.0,0.0,0.0,0.0014629577035946593,0.0,0.00031992650507291925,0.0031778435239203737,0.0014005011992340435,0.0011939388748492073,0.0009440167903308499,0.0005123405434507794,0.0,0.0,0.0,0.0,0.0,0.0,0.0,0.0,0.0,0.0,0.2951128678747934,0.0,0.0,0.0,0.0,0.0,0.0,0.0,0.0,0.0,0.0,0.0,0.0,0.0,0.0,0.0,0.0,0.0,0.0,0.0,0.0,0.0,0.0,0.0,0.0,0.001997707656243105,0.0005062074936842237,0.00042903573824980675,0.00029419198769412247,0.0,0.0,0.0,0.0,0.0,0.0,0.0,0.0,0.0,0.0,0.0,0.15741086921101147,0.0,0.0,0.0,0.0,0.0,0.0,0.0,0.0,0.0,0.0,0.0,0.0,0.0,0.0,0.0,0.0,0.0,0.0,0.0,0.0,0.0,0.0,0.0,0.0034829364690992953,0.0011271209399866585,0.00034937683908346426,0.0002474483264960719,0.0,0.0,0.0,0.0,0.0,0.0,0.0,0.0,0.0,0.0,0.0,0.0,0.0,0.0,0.0,0.0,0.0,0.0,0.0,0.0,0.0,0.0,0.0,0.0,0.0,0.0,0.0,0.0,0.0,0.0,0.0,0.0,0.0,0.0,0.0,0.0,0.0,0.0,0.0,4.3650931291985556e-05,0.0,0.00010773978572021264,0.0,0.0,0.0,0.0,0.0,0.0,0.0,0.0,0.0,0.0,0.0,0.0,0.0,0.0,0.0,0.0,0.0,0.0,0.0,0.0,0.0,0.0,0.0,0.0,0.0,0.0029754516668634946,0.0,0.0,0.0,0.0,0.0,0.0,0.0,0.005761161067030468,0.0,0.0006375981290805627,0.00024345178678245404,0.00014747391964602097,4.568172892325851e-05,1.829583925233215e-05,0.0,0.0,0.007122436903992617,0.0,0.0,0.0,0.0,0.0,0.0,0.0,0.0,0.0,0.0,0.0,0.0,0.0,0.0,0.0
8,0.0052331086326838005,0.0,0.0,0.0,0.023471119478246552,0.0004131555542137089,0.002336120921687312,0.0,0.9286365046935089,0.0,0.0,0.009646048647841056,0.0,0.0,0.0,0.0,0.0,0.00015718426059236997,0.00013314439411707673,0.00016890526221454523,0.0003817455541039911,0.0005090829684015476,0.0,0.0,0.0,0.0,0.0,0.0,0.0,0.0,0.0,0.0,0.0,0.2525240612548045,0.0,0.0,0.0,0.0,0.0,0.0,0.0,0.0,0.0,0.0,0.0,0.0,0.0,0.0,0.0,0.0,0.0,0.0,0.0,0.0,0.0,0.0,0.0018706229944892027,0.00012737684147554087,2.685352901241304e-05,0.00016279298157589406,0.00024226806184283957,0.0,0.0,0.0,0.0,0.0,0.0,0.0,0.0,0.0,0.0,0.0,0.0,0.09115753643221702,0.0,0.0,0.0,0.0,0.0,0.0,0.0,0.0,0.0,0.0,0.0,0.0,0.0,0.0,0.0,0.0,0.0,0.0,0.0,0.0,0.0,0.0,0.0,2.496100962535839e-05,0.0,0.0002473572476155681,0.0003548868332346316,0.0,0.0,0.0,0.0,0.0,0.0,0.0,0.0,0.0,0.0,0.0,0.0,0.0,0.0,0.0,0.0,0.0,0.0,0.0,0.0,0.0,0.0,0.0,0.0,0.0,0.0,0.0,0.0,0.0,0.0,0.0,0.0,0.0,0.0,0.0,0.0,0.0,0.0,6.909238089633447e-05,0.0,4.649904766509764e-06,0.0,0.0,0.0,0.0,0.0,0.0,0.0,0.0,0.0,0.0,0.0,0.0,0.0,0.0,0.0,0.0,0.0,0.0,0.0,0.0,0.0,0.0,0.0,0.0,0.0,0.0,0.002709662434678747,0.0,0.0,0.0,0.0,0.0,0.0,0.0068322117679071185,0.0,0.0,0.00010457793383511646,6.175816404260696e-05,1.4692706301736323e-05,1.1316586414888351e-05,0.0,0.0,0.0,0.0,0.0,0.0,0.0,0.0,0.0,0.0,0.0,0.012848750432019324,0.0,0.0,0.0,0.0,0.0,0.0
9,0.0,0.0,0.0,0.0,0.0,0.0,1.5802259923700766e-05,0.0,0.0,0.9856882654418023,0.0,0.0,0.0,0.0,0.002081598594535824,0.0,0.0,0.0,0.0,0.0,0.0,3.3406557854945886e-07,0.0,0.0,0.0,0.0,0.0,0.0,0.0,0.0,0.0,0.0,0.0,0.0,0.08205205321047775,0.0,0.0,0.0,0.0,0.0,0.0,0.0,0.0,0.0,0.0,0.0,0.0,0.0,0.0,0.00035338777879207253,0.0,0.0,0.0,0.0,0.0,0.0,0.0,0.0,0.0,0.0,0.0,0.0,0.0,0.0,0.0,0.0,0.0,0.0,0.0,0.0,0.0,0.0,0.0,0.0,0.031001370320243523,0.0,0.0,0.0,0.0,0.0,0.0,0.0,0.0,0.0,0.0,0.0,0.0,0.0,0.0,0.0,0.0,0.0,0.0,0.0,0.0,0.0,0.0,0.0,0.0,0.0,0.0,0.0,0.0,0.0,0.0,0.0,0.0,0.0,0.0,0.0,0.0,0.0,0.0,0.0,0.0,0.0,0.0,0.0,0.0,0.0,0.0,0.0,0.0,0.0,0.0,0.0,0.0,0.0,0.0,0.0,0.0,0.0,0.0,0.0,0.0,0.0,0.0,0.0,0.0,0.0,0.0,0.0,0.0,0.0,0.0,0.0,0.0,0.0,0.0,0.0,0.0,0.0,0.0,0.0,0.0,0.0,0.0,0.0,0.0,0.0,0.0,0.0,0.0,0.0,0.0,0.0,0.0,0.0,0.0,0.0,0.0,0.0,0.0,0.0,0.0,0.0008114242202488485,0.0,3.299297349460249e-07,0.0,0.0,0.0,2.032723351079196e-06,0.0,0.0,0.0,0.0,0.0,0.0,0.0,0.0,0.0,0.0,0.0,0.0,0.0,0.0,0.0,0.0,0.0,0.0
10,0.0,0.0,0.0,0.0,0.0,0.0,0.00147776796083809,0.0,0.0,0.0,0.949971569626555,0.0,0.0,0.0029397721471622375,0.0,0.005016037439407316,0.0,0.00013324451750147996,5.072673273564554e-05,2.8940185731138013e-05,1.3906986094231507e-05,2.371672373836931e-06,0.0,0.0,0.0,0.0,0.0,0.0,0.0,0.0,0.0,0.0,0.0,0.0,0.0,0.3558628245886108,0.0,0.0,0.0,0.0,0.0,0.0,0.0,0.0,0.0,0.0,0.0,0.0,0.0,0.0,0.0,0.0,0.0,0.0,0.0,0.0,0.0,0.00027314179053364,7.705285383314154e-05,6.370702726035289e-05,3.77085618248167e-05,0.0,0.0,0.0,0.0,0.0,0.0,0.0,0.0,0.0,0.0,0.0,0.0,0.0,0.0,0.09633781633188553,0.0,0.0,0.0,0.0,0.0,0.0,0.0,0.0,0.0,0.0,0.0,0.0,0.0,0.0,0.0,0.0,0.0,0.0,0.0,0.0,0.0,0.0001843510875960489,9.694197859300286e-05,7.699341772574705e-05,3.688921579755275e-05,0.0,0.0,0.0,0.0,0.0,0.0,0.0,0.0,0.0,0.0,0.0,0.0,0.0,0.0,0.0,0.0,0.0,0.0,0.0,0.0,0.0,0.0,0.0,0.0,0.0,0.0,0.0,0.0,0.0,0.0,0.0,0.0,0.0,0.0,0.0,0.0,0.0,3.2997654184759175e-05,3.3353734123684224e-05,0.0,0.0,0.0,0.0,0.0,0.0,0.0,0.0,0.0,0.0,0.0,0.0,0.0,0.0,0.0,0.0,0.0,0.0,0.0,0.0,0.0,0.0,0.0,0.0,0.0,0.0,0.0,0.0,0.0,0.0,0.0037615675964633314,0.0,0.0,0.0,0.0,0.0030443209315552684,0.0,0.0,3.013565619486503e-06,0.0,0.0,0.0,0.0,0.0,0.0,0.0,0.0,0.0,0.0,0.0,0.0,0.0,0.0,0.0,0.0,0.0,0.0,0.0,0.0,0.0
11,0.0,0.0,0.0,0.0,0.0,0.036474300902740814,0.0,0.0,0.0,0.0,0.00035910806823566307,0.9292445631134164,0.0,0.0,0.008367641352913409,0.0,0.0005251208246551295,0.0012965298873231098,0.0001980688102280488,0.0001225210449339504,9.86228350945128e-05,7.067192630136612e-05,0.0,0.0,0.0,0.0,0.0,0.0,0.0,0.0,0.0,0.0,0.0,0.0,0.0,0.0,0.24967314816687772,0.0,0.0,0.0,0.0,0.0,0.0,0.0,0.0,0.0,0.0,0.0,0.0,0.0,0.0,0.0,0.0,0.0,0.0,0.0,0.0006088925530706753,0.0009373330070826116,0.0,5.093489434135396e-05,3.6756545113696226e-05,0.0,0.0,0.0,0.0011997241838208324,0.0,0.0,0.0,0.0,0.0,0.0,0.0,0.0,0.0,0.0,0.0,0.06757848865715123,0.0,0.0,0.0,0.0,0.0,0.0,0.0,0.0,0.0,0.0,0.0,0.0,0.0,0.0,0.0,0.0,0.0,0.0,0.0,0.0,0.0006834041835222618,0.0,4.4375951393398173e-05,4.5737499984927313e-05,0.0,0.0,0.0,0.0,0.0,0.0,0.0,0.0,0.0,0.0,0.0,0.0,0.0,0.0,0.0,0.0,0.0,0.0,0.0,0.0,0.0,0.0,0.0,0.0,0.0,0.0,0.0,0.0,0.0,0.0,0.0,0.0,0.0,0.0,0.0,0.0,0.0,0.0,1.3449065992264124e-05,0.0,0.0,0.0,0.0,0.0,0.0,0.0,0.0,0.0,0.0,0.0,0.0,0.0,0.0,0.0,0.0,0.0,0.0,0.0,0.0,0.0,0.0,0.0,0.0,0.0,0.0,0.0,0.0,0.0,0.0,0.0,0.0008015372746090631,0.0,0.0,0.0,0.005854297851297296,0.0,0.0,5.33390244357015e-06,1.1563797145156071e-05,0.0,0.0,0.0,0.0,0.0,0.0,0.0,0.0,0.0,0.0,0.0,0.0,0.0,0.0,0.0,0.0,0.007019408790594966,0.0,0.0,0.0
12,0.0,0.0012343915751782625,0.0,0.0,0.0,0.0031802876481703936,0.0,0.0,0.0,0.0029597021794564747,0.0,0.0,0.9284522251415472,0.0,0.0,0.0,0.0,0.0034613348838920715,0.0015650612593275123,0.0013579403062502023,0.0011159454093975312,0.0007146539615544434,0.0005395813941471648,0.0,0.0,0.0,0.0,0.0,0.0,0.0,0.0,0.0,0.0,0.0,0.0,0.0,0.0,0.3184002153173962,0.0,0.0,0.0,0.0,0.0,0.0,0.0,0.0,0.0,0.0,0.0,0.0,0.0,0.0,0.0,0.0,0.0,0.0,0.0,0.002041461649957194,0.00045113385453139236,0.0003513417967278331,0.00019806712440151035,0.0,0.0,0.0,0.0,0.0,0.0,0.0,0.0,0.0,0.0,0.0,0.0,0.0,0.0,0.0,0.0,0.15741924412897149,0.0,0.0,0.0,0.0,0.0,0.0,0.0,0.0,0.0,0.0,0.0,0.0,0.0,0.0,0.0,0.0,0.0,0.0,0.0,0.0011994026635610423,0.00036143408352580747,0.00025235441183408137,0.0,0.0,0.0,0.0,0.0,0.0,0.0,0.0,0.0,0.0,0.0,0.0,0.0,0.0,0.0,0.0,0.0,0.0,0.0,0.0,0.0,0.0,0.0,0.0,0.0,0.0,0.0,0.0,0.0,0.0,0.0,0.0,0.0,0.0,0.0,0.0,0.0,0.0,7.783530966807116e-06,5.634985204885511e-05,0.0,0.00011270038654952395,0.0,0.0,0.0,0.0,0.0,0.0,0.0,0.0,0.0,0.0,0.0,0.0,0.0,0.0,0.0,0.0,0.0,0.0,0.0,0.0,0.0,0.0,0.0,0.0,0.0,0.00034410603952402034,0.0,0.0,0.0,0.0,0.0012284513260441682,0.0004992135999097229,0.0,0.005949375858978998,0.0,0.000496578543326117,0.0003010005409836881,0.00019745295716392815,8.068727820513153e-05,2.2789301396666364e-05,0.0,0.0,0.00201805927513629,0.0,0.0,0.0,0.0,0.0,0.0,0.0,0.0,0.0,0.0,0.0,0.0,0.0,0.0,0.0
13,0.0,0.0,0.0,0.0,0.0,0.04972397258573254,0.0,0.0,0.0002736544339694304,0.0,0.0,0.0009527102053233762,0.0,0.902433206369738,0.0,0.0,0.0,0.00021825261144639555,0.00019766097402004496,0.0002432780305326319,0.00046157034072218605,0.0005889611942883114,0.0,0.0,0.0,0.0,0.0,0.0,0.0,0.0,0.0,0.0,0.0,0.0,0.0,0.0,0.0,0.0,0.2924762982305193,0.0,0.0,0.0,0.0,0.0,0.0,0.0,0.0,0.0,0.0,0.0,0.0,0.0,0.0,0.0,0.0,0.0,0.0,0.0001249783895278267,1.8308435421575414e-05,0.0001479036347320832,0.00023534450478426039,0.0,0.0,0.0,0.0,0.0,0.0,0.0,0.0,0.0,0.0,0.0,0.0,0.0,0.0,0.0,0.0,0.0,0.10953479573400049,0.0,0.0,0.0,0.0,0.0,0.0,0.0,0.0,0.0,0.0,0.0,0.0,0.0,0.0,0.0,0.0,0.0,0.0,1.8005570250944692e-05,0.0,0.0002469257102975262,0.0003720938045587735,0.0,0.0,0.0,0.0,0.0,0.0,0.0,0.0,0.0,0.0,0.0,0.0,0.0,0.0,0.0,0.0,0.0,0.0,0.0,0.0,0.0,0.0,0.0,0.0,0.0,0.0,0.0,0.0,0.0,0.0,0.0,0.0,0.0,0.0,0.0,0.0,0.0,0.0,7.8699317789164e-05,0.0,0.0,0.0,0.0,0.0,0.0,0.0,0.0,0.0,0.0,0.0,0.0,0.0,0.0,0.0,0.0,0.0,0.0,0.0,0.0,0.0,0.0,0.0,0.0,0.0,0.0,0.0,0.0,0.0,0.0,0.0,0.0,0.0,0.001370263160048353,0.0,0.01283657676072248,0.0,0.0,0.00012897511559678055,7.099808888229375e-05,1.2502194039574025e-05,0.0,0.0,0.0,0.0,0.0,0.0,0.0,0.0,0.0,0.0,0.0,0.0,0.0,0.0,0.0,0.0,0.0,0.025674217341903564,0.0
14,0.0,0.0,0.0,0.0,0.0,0.0,0.0,0.0,0.0,0.0,0.0004952193335647489,4.923530261458142e-06,0.0,0.0,0.9869070222061326,0.0,0.0,0.0,0.0,0.0,0.0,0.0,0.0,0.0,0.0,0.0,0.0,0.0,0.0,0.0,0.0,0.0,0.0,0.0,0.0,0.0,0.0,0.0,0.0,0.13116664832590802,0.0,0.0,0.0,0.0,0.0,0.0,0.0,0.0,0.0,0.0,0.0,0.0,0.0,0.0,0.0,0.0,0.0,0.0,0.0,0.0,0.0,0.0,0.0,0.0,0.0,0.0,0.0,0.0,0.0,0.0,0.0,0.0,0.0,0.0,0.0,0.0,0.0,0.0,0.0,0.027190746146340972,0.0,0.0,0.0,0.0,0.0,0.0,0.0,0.0,0.0,0.0,0.0,0.0,0.0,0.0,0.0,0.0,0.0,0.0,0.0,0.0,0.0,0.0,0.0,0.0,0.0,0.0,0.0,0.0,0.0,0.0,0.0,0.0,0.0,0.0,0.0,0.0,0.0,0.0,0.0,0.0,0.0,0.0,0.0,0.0,0.0,0.0,0.0,0.0,0.0,0.0,0.0,0.0,0.0,0.0,0.0,0.0,0.0,0.0,0.0,0.0,0.0,0.0,0.0,0.0,0.0,0.0,0.0,0.0,0.0,0.0,0.0,0.0,0.0,0.0,0.0,0.0,0.0,0.0,0.0,0.0,0.0,0.0,0.0,0.0,0.0,0.0,0.0,2.1441709030235217e-05,0.0,0.0,0.0,0.0,0.0,0.0,0.0007269699393010206,0.0011805538240758293,0.0,6.410356897517594e-06,0.0,0.0,0.0,1.3286842370588038e-06,0.0,0.0,0.0,0.0,0.0,0.0,0.0,0.0,0.0,0.0,0.0,0.0,0.0,0.0,0.0,0.0,0.0,0.0
